nom;prenom;telephone;email;fonction;preference_contact;commentaires;nom_agence
Hernandez;Lucas;;trolland@example.com;Directeur;e-mail;;Morvan et Fils
Bègue;Marc;07 63 16 86 65;stephanie80@example.com;Comptable;autre;Position terrain reste sommet place.;Morvan et Fils
Ramos;Lucy;;letellierdenis@example.org;Assistant;autre;Puis travailler cent argent bien.;Morvan et Fils
Brun;Maurice;557768269;eugeneweiss@example.org;Agent Immobilier;autre;;Morvan et Fils
Gomez;Théophile;;potieralice@example.org;Directeur;e-mail;;Lemaire
Lefort;Nicole;456031825;bousquetnoel@example.com;Agent Immobilier;e-mail;Briser mémoire alors bras.;Lemaire
Lemonnier;Victor;;jerome21@example.net;Assistant;téléphone;Tout ici rassurer bien bientôt famille.;Lemaire
Besnard;Émilie;;durandpaul@example.com;Directeur;téléphone;Voisin poche but mais lit devenir usage conseil.;Ribeiro Lebon SARL
Carpentier;Jean;+33 2 29 33 47 88;nicole32@example.com;Directeur;téléphone;Figure tenir haute déchirer bout supporter.;Ribeiro Lebon SARL
Laporte;Jeanne;;gilles90@example.net;Comptable;e-mail;;Hebert François S.A.
Laroche;Philippe;+33 6 99 58 35 56;andre29@example.com;Directeur;téléphone;Oiseau tout second changement point crise pièce.;Hebert François S.A.
Brun;Maurice;557768269;eugeneweiss@example.org;Agent Immobilier;autre;;Hebert François S.A.
Petit;Arnaude;;piresmathilde@example.org;Comptable;autre;;Olivier
Charles;Christiane;;danielmartin@example.net;Agent Immobilier;autre;;Olivier
Perret;Andrée;+33 (0)3 51 42 47 30;antoinettefischer@example.org;Comptable;e-mail;;Lucas et Fils
Besnard;Émilie;;durandpaul@example.com;Directeur;téléphone;Voisin poche but mais lit devenir usage conseil.;Lucas et Fils
Gomez;Théophile;;potieralice@example.org;Directeur;e-mail;;Moreno
Carpentier;Jean;+33 2 29 33 47 88;nicole32@example.com;Directeur;téléphone;Figure tenir haute déchirer bout supporter.;Blin Fernandes et Fils
Laporte;Jeanne;;gilles90@example.net;Comptable;e-mail;;Blin Fernandes et Fils
Clerc;Antoinette;04 92 43 00 77;suzannesimon@example.org;Directeur;e-mail;Violent rassurer drame fixer entrée.;Blin Fernandes et Fils
Hoareau;Élodie;;gabriel38@example.com;Assistant;téléphone;Espérer ligne reste dent sûr côte nature.;Goncalves S.A.
Lemonnier;Victor;;jerome21@example.net;Assistant;téléphone;Tout ici rassurer bien bientôt famille.;Goncalves S.A.
Clerc;Antoinette;04 92 43 00 77;suzannesimon@example.org;Directeur;e-mail;Violent rassurer drame fixer entrée.;Goncalves S.A.
Pichon;Olivier;;henrile-gall@example.org;Assistant;e-mail;;Goncalves S.A.
Leroy;François;+33 2 32 38 25 85;aleveque@example.net;Comptable;téléphone;Verre ouvrir pluie soumettre.;Dupuis
Chartier;Claire;;fcollet@example.net;Comptable;téléphone;Couleur intérieur attacher commencement.;Dupuis
Charles;Christiane;;danielmartin@example.net;Agent Immobilier;autre;;Prévost
Laporte;Jeanne;;gilles90@example.net;Comptable;e-mail;;Prévost
Morvan;Élisabeth;;chantalpons@example.org;Directeur;e-mail;Accent société prononcer supposer soir.;Alexandre
Michel;Margot;;fbrun@example.org;Comptable;téléphone;Tour parti sous.;Alexandre
Leroy;François;+33 2 32 38 25 85;aleveque@example.net;Comptable;téléphone;Verre ouvrir pluie soumettre.;Alexandre
Brun;Maurice;557768269;eugeneweiss@example.org;Agent Immobilier;autre;;Pires
Roy;André;;kleconte@example.com;Assistant;e-mail;Séparer puis cela événement.;Pires
Hernandez;Lucas;;trolland@example.com;Directeur;e-mail;;Godard et Fils
Boyer;Auguste;04 91 52 97 11;lprevost@example.org;Assistant;téléphone;;Godard et Fils
Bègue;Marc;07 63 16 86 65;stephanie80@example.com;Comptable;autre;Position terrain reste sommet place.;Godard et Fils
Lesage;Véronique;+33 3 29 08 58 08;mleleu@example.net;Assistant;autre;;Godard et Fils
Brunet;Céline;;ljacquot@example.net;Agent Immobilier;téléphone;Serrer vers existence jeu.;Lebrun
Lemonnier;Richard;;coletteaubert@example.net;Directeur;autre;Éteindre lieu d'abord arracher.;Lebrun
Leroy;François;+33 2 32 38 25 85;aleveque@example.net;Comptable;téléphone;Verre ouvrir pluie soumettre.;Laurent Maury S.A.S.
Lemonnier;Richard;;coletteaubert@example.net;Directeur;autre;Éteindre lieu d'abord arracher.;Laurent Maury S.A.S.
Gilles;Émilie;01 60 98 27 76;sferrand@example.com;Assistant;autre;Frapper mot mieux déjà. Sauver hasard attaquer.;Laurent Maury S.A.S.
Laroche;Philippe;+33 6 99 58 35 56;andre29@example.com;Directeur;téléphone;Oiseau tout second changement point crise pièce.;Laurent Maury S.A.S.
Charles;Christiane;;danielmartin@example.net;Agent Immobilier;autre;;Rocher Leleu SA
Lefort;Nicole;456031825;bousquetnoel@example.com;Agent Immobilier;e-mail;Briser mémoire alors bras.;Rocher Leleu SA
Imbert;Pénélope;;margaud87@example.com;Agent Immobilier;téléphone;;Perret
Dumas;Zoé;476998783;anne96@example.org;Agent Immobilier;e-mail;Intéresser peine liberté faute gagner.;Perret
Roy;André;;kleconte@example.com;Assistant;e-mail;Séparer puis cela événement.;Carlier SA
Carpentier;Jean;+33 2 29 33 47 88;nicole32@example.com;Directeur;téléphone;Figure tenir haute déchirer bout supporter.;Joly Leleu S.A.
Lesage;Véronique;+33 3 29 08 58 08;mleleu@example.net;Assistant;autre;;Godard et Fils
Chartier;Claire;;fcollet@example.net;Comptable;téléphone;Couleur intérieur attacher commencement.;Godard et Fils
Lefebvre;Léon;;josephine05@example.net;Directeur;téléphone;;Godard et Fils
Ramos;Lucy;;letellierdenis@example.org;Assistant;autre;Puis travailler cent argent bien.;Godard et Fils
Lefort;Nicole;456031825;bousquetnoel@example.com;Agent Immobilier;e-mail;Briser mémoire alors bras.;Maréchal
Lefort;Nicole;456031825;bousquetnoel@example.com;Agent Immobilier;e-mail;Briser mémoire alors bras.;Fabre
Dumas;Zoé;476998783;anne96@example.org;Agent Immobilier;e-mail;Intéresser peine liberté faute gagner.;Fabre
Gomez;Théophile;;potieralice@example.org;Directeur;e-mail;;Fabre
Clerc;Antoinette;04 92 43 00 77;suzannesimon@example.org;Directeur;e-mail;Violent rassurer drame fixer entrée.;Fabre
Chartier;Claire;;fcollet@example.net;Comptable;téléphone;Couleur intérieur attacher commencement.;Gomes
Imbert;Pénélope;;margaud87@example.com;Agent Immobilier;téléphone;;Gomes
Ramos;Lucy;;letellierdenis@example.org;Assistant;autre;Puis travailler cent argent bien.;Gomes
Carpentier;Jean;+33 2 29 33 47 88;nicole32@example.com;Directeur;téléphone;Figure tenir haute déchirer bout supporter.;Gomes
Besnard;Émilie;;durandpaul@example.com;Directeur;téléphone;Voisin poche but mais lit devenir usage conseil.;Da Costa
Lévy;Emmanuelle;+33 (0)3 84 52 99 08;chartierhonore@example.com;Agent Immobilier;e-mail;;Da Costa
Lesage;Véronique;+33 3 29 08 58 08;mleleu@example.net;Assistant;autre;;Da Costa
Buisson;Gabrielle;+33 (0)5 82 85 62 76;dominique82@example.org;Comptable;e-mail;Montrer prendre rapport garçon jusque.;Garnier Lefebvre SARL
Perret;Andrée;+33 (0)3 51 42 47 30;antoinettefischer@example.org;Comptable;e-mail;;Garnier Lefebvre SARL
Besson;Maggie;;gregoire19@example.net;Directeur;téléphone;;Garnier Lefebvre SARL
Gilles;Émilie;01 60 98 27 76;sferrand@example.com;Assistant;autre;Frapper mot mieux déjà. Sauver hasard attaquer.;Riou
Morvan;Élisabeth;;chantalpons@example.org;Directeur;e-mail;Accent société prononcer supposer soir.;Riou
Besson;Maggie;;gregoire19@example.net;Directeur;téléphone;;Ledoux Morvan S.A.
Boyer;Auguste;04 91 52 97 11;lprevost@example.org;Assistant;téléphone;;Gérard Da Costa S.A.R.L.
Imbert;Pénélope;;margaud87@example.com;Agent Immobilier;téléphone;;Gérard Da Costa S.A.R.L.
Brun;Maurice;557768269;eugeneweiss@example.org;Agent Immobilier;autre;;Gérard Da Costa S.A.R.L.
Roy;André;;kleconte@example.com;Assistant;e-mail;Séparer puis cela événement.;Bertin
Imbert;Pénélope;;margaud87@example.com;Agent Immobilier;téléphone;;Bertin
Leroy;François;+33 2 32 38 25 85;aleveque@example.net;Comptable;téléphone;Verre ouvrir pluie soumettre.;Hebert François S.A.
Leroy;François;+33 2 32 38 25 85;aleveque@example.net;Comptable;téléphone;Verre ouvrir pluie soumettre.;Garnier Lefebvre SARL
Charles;Christiane;;danielmartin@example.net;Agent Immobilier;autre;;Moreno
Charles;Christiane;;danielmartin@example.net;Agent Immobilier;autre;;Hebert François S.A.
Michel;Margot;;fbrun@example.org;Comptable;téléphone;Tour parti sous.;Bertin
Michel;Margot;;fbrun@example.org;Comptable;téléphone;Tour parti sous.;Maréchal
Clerc;Antoinette;04 92 43 00 77;suzannesimon@example.org;Directeur;e-mail;Violent rassurer drame fixer entrée.;Godard et Fils
Clerc;Antoinette;04 92 43 00 77;suzannesimon@example.org;Directeur;e-mail;Violent rassurer drame fixer entrée.;Ribeiro Lebon SARL
Lévy;Emmanuelle;+33 (0)3 84 52 99 08;chartierhonore@example.com;Agent Immobilier;e-mail;;Gomes
Lévy;Emmanuelle;+33 (0)3 84 52 99 08;chartierhonore@example.com;Agent Immobilier;e-mail;;Morvan et Fils